<?xml version="1.0" encoding="UTF-8"?>
<jax-ws xmlns="http://www.netbeans.org/ns/jax-ws/1">
  <services/>
  <clients>
    <client name="TRD_TEST_QueryCustomerIn">
      <wsdl-url>file:/C:/Users/NTZ-Natchanon/OneDrive/เดสก์ท็อป/ntz_byd_gateway/wsdl/web-service-references/TRD_TEST_QueryCustomerIn/wsdl/TRD_TEST_QueryCustomerIn.wsdl</wsdl-url>
      <local-wsdl-file>TRD_TEST_QueryCustomerIn.wsdl</local-wsdl-file>
      <package-name forceReplace="true">com.ntz.byd.gateway.queryaccount.autogen</package-name>
      <catalog-file>catalog.xml</catalog-file>
      <wsimport-options>
        <wsimport-option>
          <wsimport-option-name>extension</wsimport-option-name>
          <wsimport-option-value>true</wsimport-option-value>
        </wsimport-option>
        <wsimport-option>
          <wsimport-option-name>verbose</wsimport-option-name>
          <wsimport-option-value>true</wsimport-option-value>
        </wsimport-option>
        <wsimport-option>
          <wsimport-option-name>fork</wsimport-option-name>
          <wsimport-option-value>false</wsimport-option-value>
        </wsimport-option>
        <wsimport-option>
          <wsimport-option-name>wsdlLocation</wsimport-option-name>
          <wsimport-option-value>file:/C:/Users/NTZ-Natchanon/OneDrive/เดสก์ท็อป/ntz_byd_gateway/wsdl/web-service-references/TRD_TEST_QueryCustomerIn/wsdl/TRD_TEST_QueryCustomerIn.wsdl</wsimport-option-value>
        </wsimport-option>
        <wsimport-option>
          <wsimport-option-name>xnocompile</wsimport-option-name>
          <wsimport-option-value>true</wsimport-option-value>
        </wsimport-option>
        <wsimport-option>
          <wsimport-option-name>xendorsed</wsimport-option-name>
          <wsimport-option-value>true</wsimport-option-value>
        </wsimport-option>
        <wsimport-option>
          <wsimport-option-name>package</wsimport-option-name>
          <wsimport-option-value>com.ntz.byd.gateway.queryaccount.autogen</wsimport-option-value>
        </wsimport-option>
      </wsimport-options>
    </client>
    <client name="TEST_ManageExchangeRate">
      <wsdl-url>file:/C:/Users/NTZ-Natchanon/OneDrive/เดสก์ท็อป/ntz_byd_gateway/wsdl/web-service-references/TEST_ManageExchangeRate/wsdl/TEST_ManageExchangeRate.wsdl</wsdl-url>
      <local-wsdl-file>TEST_ManageExchangeRate.wsdl</local-wsdl-file>
      <package-name forceReplace="true">com.ntz.byd.gateway.manageexchangerate.autogen</package-name>
      <catalog-file>catalog.xml</catalog-file>
      <wsimport-options>
        <wsimport-option>
          <wsimport-option-name>extension</wsimport-option-name>
          <wsimport-option-value>true</wsimport-option-value>
        </wsimport-option>
        <wsimport-option>
          <wsimport-option-name>verbose</wsimport-option-name>
          <wsimport-option-value>true</wsimport-option-value>
        </wsimport-option>
        <wsimport-option>
          <wsimport-option-name>fork</wsimport-option-name>
          <wsimport-option-value>false</wsimport-option-value>
        </wsimport-option>
        <wsimport-option>
          <wsimport-option-name>wsdlLocation</wsimport-option-name>
          <wsimport-option-value>file:/C:/Users/NTZ-Natchanon/OneDrive/เดสก์ท็อป/ntz_byd_gateway/wsdl/web-service-references/TEST_ManageExchangeRate/wsdl/TEST_ManageExchangeRate.wsdl</wsimport-option-value>
        </wsimport-option>
        <wsimport-option>
          <wsimport-option-name>xnocompile</wsimport-option-name>
          <wsimport-option-value>true</wsimport-option-value>
        </wsimport-option>
        <wsimport-option>
          <wsimport-option-name>xendorsed</wsimport-option-name>
          <wsimport-option-value>true</wsimport-option-value>
        </wsimport-option>
        <wsimport-option>
          <wsimport-option-name>package</wsimport-option-name>
          <wsimport-option-value>com.ntz.byd.gateway.manageexchangerate.autogen</wsimport-option-value>
        </wsimport-option>
      </wsimport-options>
    </client>
    <client name="TRD_TEST_QueryOutboundDeliveryIn">
      <wsdl-url>file:/C:/Users/NTZ-Natchanon/OneDrive/เดสก์ท็อป/ntz_byd_gateway/wsdl/web-service-references/TRD_TEST_QueryOutboundDeliveryIn/wsdl/TRD_TEST_QueryOutboundDeliveryIn.wsdl</wsdl-url>
      <local-wsdl-file>TRD_TEST_QueryOutboundDeliveryIn.wsdl</local-wsdl-file>
      <package-name forceReplace="true">com.ntz.byd.gateway.queryoutbounddelivery.manage.autogen</package-name>
      <catalog-file>catalog.xml</catalog-file>
      <wsimport-options>
        <wsimport-option>
          <wsimport-option-name>extension</wsimport-option-name>
          <wsimport-option-value>true</wsimport-option-value>
        </wsimport-option>
        <wsimport-option>
          <wsimport-option-name>verbose</wsimport-option-name>
          <wsimport-option-value>true</wsimport-option-value>
        </wsimport-option>
        <wsimport-option>
          <wsimport-option-name>fork</wsimport-option-name>
          <wsimport-option-value>false</wsimport-option-value>
        </wsimport-option>
        <wsimport-option>
          <wsimport-option-name>wsdlLocation</wsimport-option-name>
          <wsimport-option-value>file:/C:/Users/NTZ-Natchanon/OneDrive/เดสก์ท็อป/ntz_byd_gateway/wsdl/web-service-references/TRD_TEST_QueryOutboundDeliveryIn/wsdl/TRD_TEST_QueryOutboundDeliveryIn.wsdl</wsimport-option-value>
        </wsimport-option>
        <wsimport-option>
          <wsimport-option-name>xnocompile</wsimport-option-name>
          <wsimport-option-value>true</wsimport-option-value>
        </wsimport-option>
        <wsimport-option>
          <wsimport-option-name>xendorsed</wsimport-option-name>
          <wsimport-option-value>true</wsimport-option-value>
        </wsimport-option>
        <wsimport-option>
          <wsimport-option-name>package</wsimport-option-name>
          <wsimport-option-value>com.ntz.byd.gateway.queryoutbounddelivery.manage.autogen</wsimport-option-value>
        </wsimport-option>
      </wsimport-options>
    </client>
    <client name="TRD_TEST_ManageODIn">
      <wsdl-url>file:/C:/Users/NTZ-Natchanon/OneDrive/เดสก์ท็อป/ntz_byd_gateway/wsdl/web-service-references/TRD_TEST_ManageODIn/wsdl/TRD_TEST_ManageODIn.wsdl</wsdl-url>
      <local-wsdl-file>TRD_TEST_ManageODIn.wsdl</local-wsdl-file>
      <package-name forceReplace="true">com.ntz.byd.gateway.queryoutbounddelivery.manage.autogen</package-name>
      <catalog-file>catalog.xml</catalog-file>
      <wsimport-options>
        <wsimport-option>
          <wsimport-option-name>extension</wsimport-option-name>
          <wsimport-option-value>true</wsimport-option-value>
        </wsimport-option>
        <wsimport-option>
          <wsimport-option-name>verbose</wsimport-option-name>
          <wsimport-option-value>true</wsimport-option-value>
        </wsimport-option>
        <wsimport-option>
          <wsimport-option-name>fork</wsimport-option-name>
          <wsimport-option-value>false</wsimport-option-value>
        </wsimport-option>
        <wsimport-option>
          <wsimport-option-name>wsdlLocation</wsimport-option-name>
          <wsimport-option-value>file:/C:/Users/NTZ-Natchanon/OneDrive/เดสก์ท็อป/ntz_byd_gateway/wsdl/web-service-references/TRD_TEST_ManageODIn/wsdl/TRD_TEST_ManageODIn.wsdl</wsimport-option-value>
        </wsimport-option>
        <wsimport-option>
          <wsimport-option-name>xnocompile</wsimport-option-name>
          <wsimport-option-value>true</wsimport-option-value>
        </wsimport-option>
        <wsimport-option>
          <wsimport-option-name>xendorsed</wsimport-option-name>
          <wsimport-option-value>true</wsimport-option-value>
        </wsimport-option>
        <wsimport-option>
          <wsimport-option-name>package</wsimport-option-name>
          <wsimport-option-value>com.ntz.byd.gateway.queryoutbounddelivery.manage.autogen</wsimport-option-value>
        </wsimport-option>
      </wsimport-options>
    </client>
    <client name="NTZ_DEMO_QuerySiteLogisticsTaskIn">
      <wsdl-url>file:/C:/Users/NTZ-Natchanon/OneDrive/เดสก์ท็อป/ntz_byd_gateway/wsdl/web-service-references/NTZ_DEMO_QuerySiteLogisticsTaskIn/wsdl/NTZ_DEMO_QuerySiteLogisticsTaskIn.wsdl</wsdl-url>
      <local-wsdl-file>NTZ_DEMO_QuerySiteLogisticsTaskIn.wsdl</local-wsdl-file>
      <package-name forceReplace="true">com.ntz.byd.gateway.querysitelogisticstask.autogen</package-name>
      <catalog-file>catalog.xml</catalog-file>
      <use-dispatch>true</use-dispatch>
      <wsimport-options>
        <wsimport-option>
          <wsimport-option-name>extension</wsimport-option-name>
          <wsimport-option-value>true</wsimport-option-value>
        </wsimport-option>
        <wsimport-option>
          <wsimport-option-name>verbose</wsimport-option-name>
          <wsimport-option-value>true</wsimport-option-value>
        </wsimport-option>
        <wsimport-option>
          <wsimport-option-name>fork</wsimport-option-name>
          <wsimport-option-value>false</wsimport-option-value>
        </wsimport-option>
        <wsimport-option>
          <wsimport-option-name>wsdlLocation</wsimport-option-name>
          <wsimport-option-value>file:/C:/Users/NTZ-Natchanon/OneDrive/เดสก์ท็อป/ntz_byd_gateway/wsdl/web-service-references/NTZ_DEMO_QuerySiteLogisticsTaskIn/wsdl/NTZ_DEMO_QuerySiteLogisticsTaskIn.wsdl</wsimport-option-value>
        </wsimport-option>
        <wsimport-option>
          <wsimport-option-name>xnocompile</wsimport-option-name>
          <wsimport-option-value>true</wsimport-option-value>
        </wsimport-option>
        <wsimport-option>
          <wsimport-option-name>xendorsed</wsimport-option-name>
          <wsimport-option-value>true</wsimport-option-value>
        </wsimport-option>
        <wsimport-option>
          <wsimport-option-name>package</wsimport-option-name>
          <wsimport-option-value>com.ntz.byd.gateway.querysitelogisticstask.autogen</wsimport-option-value>
        </wsimport-option>
      </wsimport-options>
    </client>
  </clients>
</jax-ws>
