<?xml version="1.0" encoding="UTF-8"?><!--
        *** GENERATED FROM jax-ws.xml - DO NOT EDIT !                             ***
        *** TO MODIFY wsimport options USE Web Service node -> Edit WS Attributes ***
        *** TO CHANGE TARGETS GENERATED TO jaxws-build.xml COPY THOSE             ***
        *** TARGETS TO ../build.xml AND MODIFY THAT FILE INSTEAD                  ***

        --><project xmlns:xalan="http://xml.apache.org/xslt" xmlns:j2seproject3="http://www.netbeans.org/ns/j2se-project/3" xmlns:jaxws="http://www.netbeans.org/ns/jax-ws/1">
    <!--
                ===================
                JAX-WS WSIMPORT SECTION
                ===================
            -->
    <target name="wsimport-init" depends="init">
        <mkdir dir="${build.generated.sources.dir}/jax-ws"/>
        <taskdef name="wsimport" classname="com.sun.tools.ws.ant.WsImport">
            <classpath path="${libs.jaxws21.classpath}"/>
        </taskdef>
    </target>
    <target name="wsimport-client-TRD_TEST_QueryCustomerIn" depends="wsimport-init">
        <mkdir dir="${build.generated.dir}/jax-wsCache/TRD_TEST_QueryCustomerIn"/>
        <property name="wsdl-TRD_TEST_QueryCustomerIn" location="xml-resources/web-service-references/TRD_TEST_QueryCustomerIn/wsdl/TRD_TEST_QueryCustomerIn.wsdl"/>
        <wsimport sourcedestdir="${build.generated.dir}/jax-wsCache/TRD_TEST_QueryCustomerIn" destdir="${build.generated.dir}/jax-wsCache/TRD_TEST_QueryCustomerIn" wsdl="${wsdl-TRD_TEST_QueryCustomerIn}" catalog="catalog.xml" encoding="${source.encoding}" extension="true" verbose="true" fork="false" wsdlLocation="file:/C:/Users/NTZ-Natchanon/OneDrive/เดสก์ท็อป/ntz_byd_gateway/wsdl/web-service-references/TRD_TEST_QueryCustomerIn/wsdl/TRD_TEST_QueryCustomerIn.wsdl" xnocompile="true" xendorsed="true" package="com.ntz.byd.gateway.queryaccount.autogen">
            <depends file="${wsdl-TRD_TEST_QueryCustomerIn}"/>
            <produces dir="${build.generated.dir}/jax-wsCache/TRD_TEST_QueryCustomerIn"/>
        </wsimport>
        <copy todir="${build.generated.sources.dir}/jax-ws">
            <fileset dir="${build.generated.dir}/jax-wsCache/TRD_TEST_QueryCustomerIn">
                <include name="**/*.java"/>
            </fileset>
        </copy>
    </target>
    <target name="wsimport-client-clean-TRD_TEST_QueryCustomerIn" depends="-init-project">
        <delete dir="${build.generated.dir}/jax-wsCache/TRD_TEST_QueryCustomerIn"/>
        <delete dir="${build.generated.sources.dir}/jax-ws/com/ntz/byd/gateway/queryaccount/autogen"/>
    </target>
    <target name="wsimport-client-TEST_ManageExchangeRate" depends="wsimport-init">
        <mkdir dir="${build.generated.dir}/jax-wsCache/TEST_ManageExchangeRate"/>
        <property name="wsdl-TEST_ManageExchangeRate" location="xml-resources/web-service-references/TEST_ManageExchangeRate/wsdl/TEST_ManageExchangeRate.wsdl"/>
        <wsimport sourcedestdir="${build.generated.dir}/jax-wsCache/TEST_ManageExchangeRate" destdir="${build.generated.dir}/jax-wsCache/TEST_ManageExchangeRate" wsdl="${wsdl-TEST_ManageExchangeRate}" catalog="catalog.xml" encoding="${source.encoding}" extension="true" verbose="true" fork="false" wsdlLocation="file:/C:/Users/NTZ-Natchanon/OneDrive/เดสก์ท็อป/ntz_byd_gateway/wsdl/web-service-references/TEST_ManageExchangeRate/wsdl/TEST_ManageExchangeRate.wsdl" xnocompile="true" xendorsed="true" package="com.ntz.byd.gateway.manageexchangerate.autogen">
            <depends file="${wsdl-TEST_ManageExchangeRate}"/>
            <produces dir="${build.generated.dir}/jax-wsCache/TEST_ManageExchangeRate"/>
        </wsimport>
        <copy todir="${build.generated.sources.dir}/jax-ws">
            <fileset dir="${build.generated.dir}/jax-wsCache/TEST_ManageExchangeRate">
                <include name="**/*.java"/>
            </fileset>
        </copy>
    </target>
    <target name="wsimport-client-clean-TEST_ManageExchangeRate" depends="-init-project">
        <delete dir="${build.generated.dir}/jax-wsCache/TEST_ManageExchangeRate"/>
        <delete dir="${build.generated.sources.dir}/jax-ws/com/ntz/byd/gateway/manageexchangerate/autogen"/>
    </target>
    <target name="wsimport-client-TRD_TEST_QueryOutboundDeliveryIn" depends="wsimport-init">
        <mkdir dir="${build.generated.dir}/jax-wsCache/TRD_TEST_QueryOutboundDeliveryIn"/>
        <property name="wsdl-TRD_TEST_QueryOutboundDeliveryIn" location="xml-resources/web-service-references/TRD_TEST_QueryOutboundDeliveryIn/wsdl/TRD_TEST_QueryOutboundDeliveryIn.wsdl"/>
        <wsimport sourcedestdir="${build.generated.dir}/jax-wsCache/TRD_TEST_QueryOutboundDeliveryIn" destdir="${build.generated.dir}/jax-wsCache/TRD_TEST_QueryOutboundDeliveryIn" wsdl="${wsdl-TRD_TEST_QueryOutboundDeliveryIn}" catalog="catalog.xml" encoding="${source.encoding}" extension="true" verbose="true" fork="false" wsdlLocation="file:/C:/Users/NTZ-Natchanon/OneDrive/เดสก์ท็อป/ntz_byd_gateway/wsdl/web-service-references/TRD_TEST_QueryOutboundDeliveryIn/wsdl/TRD_TEST_QueryOutboundDeliveryIn.wsdl" xnocompile="true" xendorsed="true" package="com.ntz.byd.gateway.queryoutbounddelivery.manage.autogen">
            <depends file="${wsdl-TRD_TEST_QueryOutboundDeliveryIn}"/>
            <produces dir="${build.generated.dir}/jax-wsCache/TRD_TEST_QueryOutboundDeliveryIn"/>
        </wsimport>
        <copy todir="${build.generated.sources.dir}/jax-ws">
            <fileset dir="${build.generated.dir}/jax-wsCache/TRD_TEST_QueryOutboundDeliveryIn">
                <include name="**/*.java"/>
            </fileset>
        </copy>
    </target>
    <target name="wsimport-client-clean-TRD_TEST_QueryOutboundDeliveryIn" depends="-init-project">
        <delete dir="${build.generated.dir}/jax-wsCache/TRD_TEST_QueryOutboundDeliveryIn"/>
        <delete dir="${build.generated.sources.dir}/jax-ws/com/ntz/byd/gateway/queryoutbounddelivery/manage/autogen"/>
    </target>
    <target name="wsimport-client-TRD_TEST_ManageODIn" depends="wsimport-init">
        <mkdir dir="${build.generated.dir}/jax-wsCache/TRD_TEST_ManageODIn"/>
        <property name="wsdl-TRD_TEST_ManageODIn" location="xml-resources/web-service-references/TRD_TEST_ManageODIn/wsdl/TRD_TEST_ManageODIn.wsdl"/>
        <wsimport sourcedestdir="${build.generated.dir}/jax-wsCache/TRD_TEST_ManageODIn" destdir="${build.generated.dir}/jax-wsCache/TRD_TEST_ManageODIn" wsdl="${wsdl-TRD_TEST_ManageODIn}" catalog="catalog.xml" encoding="${source.encoding}" extension="true" verbose="true" fork="false" wsdlLocation="file:/C:/Users/NTZ-Natchanon/OneDrive/เดสก์ท็อป/ntz_byd_gateway/wsdl/web-service-references/TRD_TEST_ManageODIn/wsdl/TRD_TEST_ManageODIn.wsdl" xnocompile="true" xendorsed="true" package="com.ntz.byd.gateway.queryoutbounddelivery.manage.autogen">
            <depends file="${wsdl-TRD_TEST_ManageODIn}"/>
            <produces dir="${build.generated.dir}/jax-wsCache/TRD_TEST_ManageODIn"/>
        </wsimport>
        <copy todir="${build.generated.sources.dir}/jax-ws">
            <fileset dir="${build.generated.dir}/jax-wsCache/TRD_TEST_ManageODIn">
                <include name="**/*.java"/>
            </fileset>
        </copy>
    </target>
    <target name="wsimport-client-clean-TRD_TEST_ManageODIn" depends="-init-project">
        <delete dir="${build.generated.dir}/jax-wsCache/TRD_TEST_ManageODIn"/>
        <delete dir="${build.generated.sources.dir}/jax-ws/com/ntz/byd/gateway/queryoutbounddelivery/manage/autogen"/>
    </target>
    <target name="wsimport-client-NTZ_DEMO_QuerySiteLogisticsTaskIn" depends="wsimport-init">
        <mkdir dir="${build.generated.dir}/jax-wsCache/NTZ_DEMO_QuerySiteLogisticsTaskIn"/>
        <property name="wsdl-NTZ_DEMO_QuerySiteLogisticsTaskIn" location="xml-resources/web-service-references/NTZ_DEMO_QuerySiteLogisticsTaskIn/wsdl/NTZ_DEMO_QuerySiteLogisticsTaskIn.wsdl"/>
        <wsimport sourcedestdir="${build.generated.dir}/jax-wsCache/NTZ_DEMO_QuerySiteLogisticsTaskIn" destdir="${build.generated.dir}/jax-wsCache/NTZ_DEMO_QuerySiteLogisticsTaskIn" wsdl="${wsdl-NTZ_DEMO_QuerySiteLogisticsTaskIn}" catalog="catalog.xml" encoding="${source.encoding}" extension="true" verbose="true" fork="false" wsdlLocation="file:/C:/Users/NTZ-Natchanon/OneDrive/เดสก์ท็อป/ntz_byd_gateway/wsdl/web-service-references/NTZ_DEMO_QuerySiteLogisticsTaskIn/wsdl/NTZ_DEMO_QuerySiteLogisticsTaskIn.wsdl" xnocompile="true" xendorsed="true" package="com.ntz.byd.gateway.querysitelogisticstask.autogen">
            <depends file="${wsdl-NTZ_DEMO_QuerySiteLogisticsTaskIn}"/>
            <produces dir="${build.generated.dir}/jax-wsCache/NTZ_DEMO_QuerySiteLogisticsTaskIn"/>
        </wsimport>
        <copy todir="${build.generated.sources.dir}/jax-ws">
            <fileset dir="${build.generated.dir}/jax-wsCache/NTZ_DEMO_QuerySiteLogisticsTaskIn">
                <include name="**/*.java"/>
            </fileset>
        </copy>
    </target>
    <target name="wsimport-client-clean-NTZ_DEMO_QuerySiteLogisticsTaskIn" depends="-init-project">
        <delete dir="${build.generated.dir}/jax-wsCache/NTZ_DEMO_QuerySiteLogisticsTaskIn"/>
        <delete dir="${build.generated.sources.dir}/jax-ws/com/ntz/byd/gateway/querysitelogisticstask/autogen"/>
    </target>
    <target name="wsimport-client-generate" depends="wsimport-client-TRD_TEST_QueryCustomerIn, wsimport-client-TEST_ManageExchangeRate, wsimport-client-TRD_TEST_QueryOutboundDeliveryIn, wsimport-client-TRD_TEST_ManageODIn, wsimport-client-NTZ_DEMO_QuerySiteLogisticsTaskIn"/>
</project>
