<?xml version="1.0" encoding="UTF-8" standalone="no"?>
<catalog xmlns="urn:oasis:names:tc:entity:xmlns:xml:catalog" prefer="system">
    <system systemId="file:/D:/002%20Netizen/002%20project/Robusta/WSDL/NTZ_DEMO_QuerySiteLogisticsTaskIn.wsdl" uri="wsdl/NTZ_DEMO_QuerySiteLogisticsTaskIn.wsdl"/>
    <system systemId="file:/D:/002%20Netizen/002%20project/Robusta/WSDL/NTZ_DEMO_ManageSiteLogisticsTaskIn.wsdl" uri="wsdl/NTZ_DEMO_ManageSiteLogisticsTaskIn.wsdl"/>
    <system systemId="file:/D:/002%20Netizen/002%20project/Robusta/WSDL/TRD_TEST_QueryOutboundDeliveryIn.wsdl" uri="wsdl/TRD_TEST_QueryOutboundDeliveryIn.wsdl"/>
    <system systemId="file:/D:/002%20Netizen/002%20project/Robusta/WSDL/TRD_TEST_ManageODIn.wsdl" uri="wsdl/TRD_TEST_ManageODIn.wsdl"/>
    <system systemId="file:/D:/002%20Netizen/002%20project/Robusta/WSDL/TRD_TEST_ManageJournalEntryIn.wsdl" uri="wsdl/TRD_TEST_ManageJournalEntryIn.wsdl"/>
    <system systemId="file:/D:/002%20Netizen/002%20project/Robusta/WSDL/TRD_TEST_QueryCustomerIn.wsdl" uri="wsdl/TRD_TEST_QueryCustomerIn.wsdl"/>
    <system systemId="file:/D:/002%20Netizen/002%20project/Robusta/WSDL/TRD_TEST_QueryMaterialIn.wsdl" uri="wsdl/TRD_TEST_QueryMaterialIn.wsdl"/>
    <system systemId="file:/D:/002%20Netizen/002%20project/Robusta/WSDL/YRLON2AFY_ManagePICountTaskIn.wsdl" uri="wsdl/YRLON2AFY_ManagePICountTaskIn.wsdl"/>
    <system systemId="file:/D:/002%20Netizen/002%20project/Robusta/WSDL/TEST_ManageExchangeRate.wsdl" uri="wsdl/TEST_ManageExchangeRate.wsdl"/>
    <system systemId="file:/C:/Users/NTZ-Natchanon/OneDrive/เดสก์ท็อป/ntz_byd_gateway/xml-resources/web-service-references/TRD_TEST_QueryCustomerIn/wsdl/TRD_TEST_QueryCustomerIn.wsdl" uri="wsdl/TRD_TEST_QueryCustomerIn.wsdl"/>
    <system systemId="file:/C:/Users/NTZ-Natchanon/OneDrive/เดสก์ท็อป/ntz_byd_gateway/wsdl/web-service-references/TRD_TEST_QueryCustomerIn/wsdl/TRD_TEST_QueryCustomerIn.wsdl" uri="wsdl/TRD_TEST_QueryCustomerIn.wsdl"/>
    <system systemId="file:/C:/Users/NTZ-Natchanon/OneDrive/เดสก์ท็อป/ntz_byd_gateway/wsdl/web-service-references/TEST_ManageExchangeRate/wsdl/TEST_ManageExchangeRate.wsdl" uri="wsdl/TEST_ManageExchangeRate.wsdl"/>
    <system systemId="file:/C:/Users/NTZ-Natchanon/OneDrive/เดสก์ท็อป/ntz_byd_gateway/wsdl/web-service-references/TRD_TEST_QueryOutboundDeliveryIn/wsdl/TRD_TEST_QueryOutboundDeliveryIn.wsdl" uri="wsdl/TRD_TEST_QueryOutboundDeliveryIn.wsdl"/>
    <system systemId="file:/C:/Users/NTZ-Natchanon/OneDrive/เดสก์ท็อป/ntz_byd_gateway/wsdl/web-service-references/TRD_TEST_ManageODIn/wsdl/TRD_TEST_ManageODIn.wsdl" uri="wsdl/TRD_TEST_ManageODIn.wsdl"/>
    <system systemId="file:/C:/Users/NTZ-Natchanon/OneDrive/เดสก์ท็อป/ntz_byd_gateway/wsdl/web-service-references/NTZ_DEMO_QuerySiteLogisticsTaskIn/wsdl/NTZ_DEMO_QuerySiteLogisticsTaskIn.wsdl" uri="wsdl/NTZ_DEMO_QuerySiteLogisticsTaskIn.wsdl"/>
    <system systemId="file:/C:/Users/NTZ-Natchanon/OneDrive/เดสก์ท็อป/ntz_byd_gateway/wsdl/web-service-references/TRD_TEST_QueryMaterialIn/wsdl/TRD_TEST_QueryMaterialIn.wsdl" uri="wsdl/TRD_TEST_QueryMaterialIn.wsdl"/>
    <system systemId="file:/C:/Users/NTZ-Natchanon/OneDrive/เดสก์ท็อป/ntz_byd_gateway/wsdl/web-service-references/NTZ_DEMO_ManageSiteLogisticsTaskIn/wsdl/NTZ_DEMO_ManageSiteLogisticsTaskIn.wsdl" uri="wsdl/NTZ_DEMO_ManageSiteLogisticsTaskIn.wsdl"/>
</catalog>