<?xml version="1.0" encoding="UTF-8"?>
<project-private xmlns="http://www.netbeans.org/ns/project-private/1">
    <editor-bookmarks xmlns="http://www.netbeans.org/ns/editor-bookmarks/2" lastBookmarkId="0"/>
    <open-files xmlns="http://www.netbeans.org/ns/projectui-open-files/2">
        <group>
            <file>file:/D:/ntz_byd_gateway/src/com/ntz/byd/gateway/queryoutbounddelivery/QueryOutboundDeliveryRunner.java</file>
            <file>file:/D:/ntz_byd_gateway/src/com/ntz/byd/gateway/Main.java</file>
            <file>file:/D:/ntz_byd_gateway/src/com/ntz/gateway/queryaccount/QueryAccountRunner.java</file>
            <file>file:/D:/ntz_byd_gateway/src/com/ntz/gateway/queryaccount/QueryAccountProcessor.java</file>
            <file>file:/D:/ntz_byd_gateway/src/com/ntz/gateway/queryaccount/AccountAddressModel.java</file>
            <file>file:/D:/ntz_byd_gateway/src/com/ntz/byd/gateway/queryoutbounddelivery/QueryOutboundDeliveryProcessor.java</file>
        </group>
    </open-files>
</project-private>
